{
    "metrics": {
        "COVID19_support": {
            "precision": 0.5493827160493827,
            "recall": 0.45408163265306123,
            "f1-score": 0.4972067039106145,
            "support": 196.0
        },
        "EDAnonymous": {
            "precision": 0.9138840070298769,
            "recall": 0.8919382504288165,
            "f1-score": 0.9027777777777778,
            "support": 2915.0
        },
        "addiction": {
            "precision": 0.8562628336755647,
            "recall": 0.818717277486911,
            "f1-score": 0.8370692539310807,
            "support": 1528.0
        },
        "adhd": {
            "precision": 0.9199372056514914,
            "recall": 0.8989699758930528,
            "f1-score": 0.9093327421857681,
            "support": 9126.0
        },
        "alcoholism": {
            "precision": 0.8508557457212714,
            "recall": 0.883248730964467,
            "f1-score": 0.8667496886674969,
            "support": 1182.0
        },
        "anxiety": {
            "precision": 0.7331144850225687,
            "recall": 0.7744928038841685,
            "f1-score": 0.7532358025211855,
            "support": 11534.0
        },
        "autism": {
            "precision": 0.8797780517879161,
            "recall": 0.8043968432919955,
            "f1-score": 0.8404004711425206,
            "support": 1774.0
        },
        "bipolarreddit": {
            "precision": 0.7334035827186512,
            "recall": 0.6020761245674741,
            "f1-score": 0.6612826603325416,
            "support": 1156.0
        },
        "bpd": {
            "precision": 0.8324909747292418,
            "recall": 0.7118748713727104,
            "f1-score": 0.767472820057688,
            "support": 4859.0
        },
        "conspiracy": {
            "precision": 0.9415244211593713,
            "recall": 0.9333221645166695,
            "f1-score": 0.9374053508329127,
            "support": 5969.0
        },
        "depression": {
            "precision": 0.7571687110396139,
            "recall": 0.8023097247080883,
            "f1-score": 0.7790858869048851,
            "support": 23466.0
        },
        "divorce": {
            "precision": 0.872472141972761,
            "recall": 0.8392219134577213,
            "f1-score": 0.8555240793201133,
            "support": 2519.0
        },
        "fitness": {
            "precision": 0.9765906362545018,
            "recall": 0.9792356304544086,
            "f1-score": 0.9779113448534936,
            "support": 9969.0
        },
        "guns": {
            "precision": 0.9759009986973513,
            "recall": 0.9782372143634385,
            "f1-score": 0.9770677100315183,
            "support": 4595.0
        },
        "healthanxiety": {
            "precision": 0.792803970223325,
            "recall": 0.738728323699422,
            "f1-score": 0.7648114901256733,
            "support": 1730.0
        },
        "jokes": {
            "precision": 0.9707067008421824,
            "recall": 0.9817999047669436,
            "f1-score": 0.9762217896785733,
            "support": 18901.0
        },
        "legaladvice": {
            "precision": 0.946741778319123,
            "recall": 0.946540018875392,
            "f1-score": 0.9466408878469104,
            "support": 32847.0
        },
        "lonely": {
            "precision": 0.6423387932821895,
            "recall": 0.6553839644594881,
            "f1-score": 0.6487958115183247,
            "support": 4727.0
        },
        "meditation": {
            "precision": 0.9430919050517347,
            "recall": 0.94051593323217,
            "f1-score": 0.9418021577267892,
            "support": 3295.0
        },
        "mentalhealth": {
            "precision": 0.49712861631812766,
            "recall": 0.5060666225457754,
            "f1-score": 0.5015578026783274,
            "support": 9066.0
        },
        "parenting": {
            "precision": 0.9266392237577183,
            "recall": 0.9304694419840567,
            "f1-score": 0.9285503830288745,
            "support": 6774.0
        },
        "personalfinance": {
            "precision": 0.9413526231867149,
            "recall": 0.944474793194943,
            "f1-score": 0.942911123663349,
            "support": 25628.0
        },
        "ptsd": {
            "precision": 0.8022813688212928,
            "recall": 0.7322151532677849,
            "f1-score": 0.765648624130632,
            "support": 1729.0
        },
        "relationships": {
            "precision": 0.9604062884130168,
            "recall": 0.9612147112147112,
            "f1-score": 0.9608103297627908,
            "support": 15444.0
        },
        "schizophrenia": {
            "precision": 0.7854828256642904,
            "recall": 0.695752009184845,
            "f1-score": 0.7378995433789954,
            "support": 1742.0
        },
        "socialanxiety": {
            "precision": 0.6455525606469003,
            "recall": 0.4468283582089552,
            "f1-score": 0.5281146637265711,
            "support": 2144.0
        },
        "accuracy": 0.8738227180626419,
        "macro avg": {
            "precision": 0.8325881986936993,
            "recall": 0.8020043227952871,
            "f1-score": 0.8156264192205925,
            "support": 204815.0
        },
        "weighted avg": {
            "precision": 0.8741407681254346,
            "recall": 0.8738227180626419,
            "f1-score": 0.8734504203402655,
            "support": 204815.0
        }
    },
    "confidence_analysis": {
        "mean": 0.9287502765655518,
        "std": 0.14708951115608215,
        "min": 0.3000083267688751,
        "max": 0.9999339580535889
    },
    "class_confidence": {
        "COVID19_support": 0.7631675004959106,
        "EDAnonymous": 0.959531843662262,
        "addiction": 0.9295693635940552,
        "adhd": 0.9610069394111633,
        "alcoholism": 0.9351075291633606,
        "anxiety": 0.842840850353241,
        "autism": 0.9409976005554199,
        "bipolarreddit": 0.8704436421394348,
        "bpd": 0.9133614897727966,
        "conspiracy": 0.9749202132225037,
        "depression": 0.8478699326515198,
        "divorce": 0.9442344903945923,
        "fitness": 0.990004301071167,
        "guns": 0.9898302555084229,
        "healthanxiety": 0.884690523147583,
        "jokes": 0.9899531006813049,
        "legaladvice": 0.9716634750366211,
        "lonely": 0.7648093700408936,
        "meditation": 0.9738469123840332,
        "mentalhealth": 0.6850731372833252,
        "parenting": 0.9711342453956604,
        "personalfinance": 0.974648654460907,
        "ptsd": 0.911912739276886,
        "relationships": 0.9793881177902222,
        "schizophrenia": 0.892166793346405,
        "socialanxiety": 0.8010740876197815
    },
    "saved_date": "2025-01-10 22:04:43"
}